Character,Unicode,Name,Count
<,U+003C,LESS-THAN SIGN,628665
d,U+0064,LATIN SMALL LETTER D,5222
o,U+006F,LATIN SMALL LETTER O,62795
c,U+0063,LATIN SMALL LETTER C,8627
 ,U+0020,SPACE,53597
g,U+0067,LATIN SMALL LETTER G,555383
e,U+0065,LATIN SMALL LETTER E,188933
n,U+006E,LATIN SMALL LETTER N,61464
r,U+0072,LATIN SMALL LETTER R,82456
=,U+003D,EQUALS SIGN,54612
"""",U+0022,QUOTATION MARK,107490
l,U+006C,LATIN SMALL LETTER L,5752
a,U+0061,LATIN SMALL LETTER A,39808
u,U+0075,LATIN SMALL LETTER U,5290
t,U+0074,LATIN SMALL LETTER T,15454
h,U+0068,LATIN SMALL LETTER H,7099
A,U+0041,LATIN CAPITAL LETTER A,1381
y,U+0079,LATIN SMALL LETTER Y,2486
m,U+006D,LATIN SMALL LETTER M,2989
s,U+0073,LATIN SMALL LETTER S,79035
i,U+0069,LATIN SMALL LETTER I,12263
p,U+0070,LATIN SMALL LETTER P,31305
b,U+0062,LATIN SMALL LETTER B,1433
_,U+005F,LOW LINE,2319
1,U+0031,DIGIT ONE,46810
9,U+0039,DIGIT NINE,16383
0,U+0030,DIGIT ZERO,26979
7,U+0037,DIGIT SEVEN,11846
ܟ,U+071F,SYRIAC LETTER KAPH,341050
ܬ,U+072C,SYRIAC LETTER TAW,599308
݂,U+0742,SYRIAC RUKKAKHA,240494
ܵ,U+0735,SYRIAC ZQAPHA DOTTED,2218612
ܒ,U+0712,SYRIAC LETTER BETH,609589
ܐ,U+0710,SYRIAC LETTER ALAPH,1861577
ܕ,U+0715,SYRIAC LETTER DALATH,739260
ܡ,U+0721,SYRIAC LETTER MIM,666893
ܲ,U+0732,SYRIAC PTHAHA DOTTED,781932
ܢ,U+0722,SYRIAC LETTER NUN,731991
ܘ,U+0718,SYRIAC LETTER WAW,1147465
ܼ,U+073C,SYRIAC HBASA-ESASA DOTTED,936669
ܙ,U+0719,SYRIAC LETTER ZAIN,110094
̈,U+0308,COMBINING DIAERESIS,285681
ܹ,U+0739,SYRIAC DOTTED ZLAMA ANGULAR,707718
ܥ,U+0725,SYRIAC LETTER E,236127
ܚ,U+071A,SYRIAC LETTER HETH,332551
ܝ,U+071D,SYRIAC LETTER YUDH,1170194
ܣ,U+0723,SYRIAC LETTER SEMKATH,161462
ܪ,U+072A,SYRIAC LETTER RISH,607867
ܨ,U+0728,SYRIAC LETTER SADHE,58186
ܩ,U+0729,SYRIAC LETTER QAPH,249231
ܸ,U+0738,SYRIAC DOTTED ZLAMA HORIZONTAL,502963
:,U+003A,COLON,99077
ܫ,U+072B,SYRIAC LETTER SHIN,325259
ܠ,U+0720,SYRIAC LETTER LAMADH,804039
ܛ,U+071B,SYRIAC LETTER TETH,97786
I,U+0049,LATIN CAPITAL LETTER I,773
4,U+0034,DIGIT FOUR,17715
>,U+003E,GREATER-THAN SIGN,628664
"
",U+000A,UNKNOWN,3999122
ܗ,U+0717,SYRIAC LETTER HE,548853
ܿ,U+073F,SYRIAC RWAHA,200437
/,U+002F,SOLIDUS,578254
ܦ,U+0726,SYRIAC LETTER PE,229187
.,U+002E,FULL STOP,190844
݇,U+0747,SYRIAC OBLIQUE LINE ABOVE,199640
2,U+0032,DIGIT TWO,30408
3,U+0033,DIGIT THREE,20097
̇,U+0307,COMBINING DOT ABOVE,82545
ܓ,U+0713,SYRIAC LETTER GAMAL,194238
̰,U+0330,COMBINING TILDE BELOW,57903
5,U+0035,DIGIT FIVE,16152
‐,U+2010,HYPHEN,13729
6,U+0036,DIGIT SIX,12743
،,U+060C,ARABIC COMMA,99818
8,U+0038,DIGIT EIGHT,12280
݈,U+0748,SYRIAC OBLIQUE LINE BELOW,167
(,U+0028,LEFT PARENTHESIS,13818
),U+0029,RIGHT PARENTHESIS,13203
̮,U+032E,COMBINING BREVE BELOW,8288
܆,U+0706,SYRIAC COLON SKEWED LEFT,7
݀,U+0740,SYRIAC FEMININE DOT,94
ܑ,U+0711,SYRIAC LETTER SUPERSCRIPT ALAPH,4083
̃,U+0303,COMBINING TILDE,3040
؛,U+061B,ARABIC SEMICOLON,4137
ـ,U+0640,ARABIC TATWEEL,22156
̣,U+0323,COMBINING DOT BELOW,60496
݁,U+0741,SYRIAC QUSHSHAYA,6494
܀,U+0700,SYRIAC END OF PARAGRAPH,5558
k,U+006B,LATIN SMALL LETTER K,999
q,U+0071,LATIN SMALL LETTER Q,854
”,U+201D,RIGHT DOUBLE QUOTATION MARK,11965
“,U+201C,LEFT DOUBLE QUOTATION MARK,9685
̱,U+0331,COMBINING MACRON BELOW,140
؟,U+061F,ARABIC QUESTION MARK,8910
!,U+0021,EXCLAMATION MARK,3301
U,U+0055,LATIN CAPITAL LETTER U,326
S,U+0053,LATIN CAPITAL LETTER S,1093
v,U+0076,LATIN SMALL LETTER V,72278
P,U+0050,LATIN CAPITAL LETTER P,671
D,U+0044,LATIN CAPITAL LETTER D,484
Y,U+0059,LATIN CAPITAL LETTER Y,334
B,U+0042,LATIN CAPITAL LETTER B,667
L,U+004C,LATIN CAPITAL LETTER L,412
E,U+0045,LATIN CAPITAL LETTER E,581
C,U+0043,LATIN CAPITAL LETTER C,828
f,U+0066,LATIN SMALL LETTER F,1487
N,U+004E,LATIN CAPITAL LETTER N,426
-,U+002D,HYPHEN-MINUS,2106
܁,U+0701,SYRIAC SUPRALINEAR FULL STOP,7366
ک,U+06A9,ARABIC LETTER KEHEH,59
و,U+0648,ARABIC LETTER WAW,1111
ر,U+0631,ARABIC LETTER REH,1604
ه,U+0647,ARABIC LETTER HEH,518
ب,U+0628,ARABIC LETTER BEH,961
ا,U+0627,ARABIC LETTER ALEF,2998
ل,U+0644,ARABIC LETTER LAM,2085
غ,U+063A,ARABIC LETTER GHAIN,202
x,U+0078,LATIN SMALL LETTER X,254
•,U+2022,BULLET,163
ح,U+062D,ARABIC LETTER HAH,557
ز,U+0632,ARABIC LETTER ZAIN,229
ة,U+0629,ARABIC LETTER TEH MARBUTA,562
R,U+0052,LATIN CAPITAL LETTER R,446
H,U+0048,LATIN CAPITAL LETTER H,381
',U+0027,APOSTROPHE,79
w,U+0077,LATIN SMALL LETTER W,1076
ص,U+0635,ARABIC LETTER SAD,350
د,U+062F,ARABIC LETTER DAL,860
ی,U+06CC,ARABIC LETTER FARSI YEH,308
ن,U+0646,ARABIC LETTER NOON,1083
ق,U+0642,ARABIC LETTER QAF,670
ت,U+062A,ARABIC LETTER TEH,1022
",",U+002C,COMMA,2409
أ,U+0623,ARABIC LETTER ALEF WITH HAMZA ABOVE,444
خ,U+062E,ARABIC LETTER KHAH,357
ع,U+0639,ARABIC LETTER AIN,846
M,U+004D,LATIN CAPITAL LETTER M,826
ط,U+0637,ARABIC LETTER TAH,345
ج,U+062C,ARABIC LETTER JEEM,473
[,U+005B,LEFT SQUARE BRACKET,814
],U+005D,RIGHT SQUARE BRACKET,810
م,U+0645,ARABIC LETTER MEEM,1477
س,U+0633,ARABIC LETTER SEEN,719
T,U+0054,LATIN CAPITAL LETTER T,799
ش,U+0634,ARABIC LETTER SHEEN,426
G,U+0047,LATIN CAPITAL LETTER G,376
ئ,U+0626,ARABIC LETTER YEH WITH HAMZA ABOVE,68
ف,U+0641,ARABIC LETTER FEH,748
j,U+006A,LATIN SMALL LETTER J,145
آ,U+0622,ARABIC LETTER ALEF WITH MADDA ABOVE,41
ث,U+062B,ARABIC LETTER THEH,149
ء,U+0621,ARABIC LETTER HAMZA,53
پ,U+067E,ARABIC LETTER PEH,26
ظ,U+0638,ARABIC LETTER ZAH,58
W,U+0057,LATIN CAPITAL LETTER W,298
O,U+004F,LATIN CAPITAL LETTER O,395
F,U+0046,LATIN CAPITAL LETTER F,756
ܖ,U+0716,SYRIAC LETTER DOTLESS DALATH RISH,65
—,U+2014,EM DASH,15
–,U+2013,EN DASH,353
ܤ,U+0724,SYRIAC LETTER FINAL SEMKATH,9327
ܱ,U+0731,SYRIAC PTHAHA BELOW,15
J,U+004A,LATIN CAPITAL LETTER J,412
K,U+004B,LATIN CAPITAL LETTER K,298
’,U+2019,RIGHT SINGLE QUOTATION MARK,450
&,U+0026,AMPERSAND,52
V,U+0056,LATIN CAPITAL LETTER V,151
Z,U+005A,LATIN CAPITAL LETTER Z,22
z,U+007A,LATIN SMALL LETTER Z,317
ض,U+0636,ARABIC LETTER DAD,211
♱,U+2671,EAST SYRIAC CROSS,7
·,U+00B7,MIDDLE DOT,2
­,U+00AD,SOFT HYPHEN,3
;,U+003B,SEMICOLON,659
ذ,U+0630,ARABIC LETTER THAL,135
چ,U+0686,ARABIC LETTER TCHEH,14
ژ,U+0698,ARABIC LETTER JEH,1
|,U+007C,VERTICAL LINE,31
@,U+0040,COMMERCIAL AT,412
é,U+00E9,LATIN SMALL LETTER E WITH ACUTE,15
♰,U+2670,WEST SYRIAC CROSS,5
̄,U+0304,COMBINING MACRON,2818
ܜ,U+071C,SYRIAC LETTER TETH GARSHUNI,1231
̤,U+0324,COMBINING DIAERESIS BELOW,11
￼,U+FFFC,OBJECT REPLACEMENT CHARACTER,10
‍,U+200D,ZERO WIDTH JOINER,29
{,U+007B,LEFT CURLY BRACKET,187
},U+007D,RIGHT CURLY BRACKET,182
*,U+002A,ASTERISK,469
Q,U+0051,LATIN CAPITAL LETTER Q,40
܌,U+070C,SYRIAC HARKLEAN METOBELUS,94
ܴ,U+0734,SYRIAC ZQAPHA BELOW,1
݉,U+0749,SYRIAC MUSIC,142
܋,U+070B,SYRIAC HARKLEAN OBELUS,160
ܔ,U+0714,SYRIAC LETTER GAMAL GARSHUNI,8
‘,U+2018,LEFT SINGLE QUOTATION MARK,365
ܞ,U+071E,SYRIAC LETTER YUDH HE,2
ك,U+0643,ARABIC LETTER KAF,439
ي,U+064A,ARABIC LETTER YEH,1048
ى,U+0649,ARABIC LETTER ALEF MAKSURA,244
ؤ,U+0624,ARABIC LETTER WAW WITH HAMZA ABOVE,24
ً,U+064B,ARABIC FATHATAN,70
܇,U+0707,SYRIAC COLON SKEWED RIGHT,2
݊,U+074A,SYRIAC BARREKH,6
܉,U+0709,SYRIAC SUBLINEAR COLON SKEWED RIGHT,1
َ,U+064E,ARABIC FATHA,1768
ْ,U+0652,ARABIC SUKUN,14
ٌ,U+064C,ARABIC DAMMATAN,4
إ,U+0625,ARABIC LETTER ALEF WITH HAMZA BELOW,155
ܽ,U+073D,SYRIAC ESASA ABOVE,5
܍,U+070D,SYRIAC HARKLEAN ASTERISCUS,2
…,U+2026,HORIZONTAL ELLIPSIS,97
܃,U+0703,SYRIAC SUPRALINEAR COLON,40789
܂,U+0702,SYRIAC SUBLINEAR FULL STOP,24320
©,U+00A9,COPYRIGHT SIGN,9
܏,U+070F,SYRIAC ABBREVIATION MARK,6
,U+0002,UNKNOWN,740
ܺ,U+073A,SYRIAC HBASA ABOVE,6
ّ,U+0651,ARABIC SHADDA,597
X,U+0058,LATIN CAPITAL LETTER X,14
+,U+002B,PLUS SIGN,32
گ,U+06AF,ARABIC LETTER GAF,19
?,U+003F,QUESTION MARK,27
#,U+0023,NUMBER SIGN,2
%,U+0025,PERCENT SIGN,1
ï,U+00EF,LATIN SMALL LETTER I WITH DIAERESIS,1
ﺸ,U+FEB8,ARABIC LETTER SHEEN MEDIAL FORM,1
ﺪ,U+FEAA,ARABIC LETTER DAL FINAL FORM,1
ﻤ,U+FEE4,ARABIC LETTER MEEM MEDIAL FORM,1
ﻌ,U+FECC,ARABIC LETTER AIN MEDIAL FORM,1
ﺗ,U+FE97,ARABIC LETTER TEH INITIAL FORM,2
ﺑ,U+FE91,ARABIC LETTER BEH INITIAL FORM,1
ﺮ,U+FEAE,ARABIC LETTER REH FINAL FORM,2
ﻗ,U+FED7,ARABIC LETTER QAF INITIAL FORM,1
ﻴ,U+FEF4,ARABIC LETTER YEH MEDIAL FORM,1
ö,U+00F6,LATIN SMALL LETTER O WITH DIAERESIS,1
ä,U+00E4,LATIN SMALL LETTER A WITH DIAERESIS,1
̥,U+0325,COMBINING RING BELOW,1
ܳ,U+0733,SYRIAC ZQAPHA ABOVE,17
ُ,U+064F,ARABIC DAMMA,51
ٍ,U+064D,ARABIC KASRATAN,2
ِ,U+0650,ARABIC KASRA,22
ܷ,U+0737,SYRIAC RBASA BELOW,2
~,U+007E,TILDE,1
﻿,U+FEFF,ZERO WIDTH NO-BREAK SPACE,610
٠,U+0660,ARABIC-INDIC DIGIT ZERO,89
‌,U+200C,ZERO WIDTH NON-JOINER,10982
۲,U+06F2,EXTENDED ARABIC-INDIC DIGIT TWO,1
۳,U+06F3,EXTENDED ARABIC-INDIC DIGIT THREE,1
ۀ,U+06C0,ARABIC LETTER HEH WITH YEH ABOVE,1
$,U+0024,DOLLAR SIGN,3
ā,U+0101,LATIN SMALL LETTER A WITH MACRON,4
‏,U+200F,RIGHT-TO-LEFT MARK,9
\,U+005C,REVERSE SOLIDUS,36
,U+0001,UNKNOWN,4
«,U+00AB,LEFT-POINTING DOUBLE ANGLE QUOTATION MARK,22
